Dates,Volume
31/3/00,430171
3/4/00,184916
4/4/00,224508
5/4/00,251667
6/4/00,196199
7/4/00,211116
10/4/00,155719
11/4/00,175287
12/4/00,199324
13/4/00,258832
14/4/00,190305
17/4/00,257746
18/4/00,303429
19/4/00,247935
20/4/00,123271
26/4/00,191907
27/4/00,264343
28/4/00,360465
1/5/00,192456
2/5/00,210910
3/5/00,227420
4/5/00,176037
5/5/00,192009
8/5/00,201937
9/5/00,199217
10/5/00,226060
11/5/00,287522
12/5/00,216751
15/5/00,187411
16/5/00,222414
17/5/00,284312
18/5/00,238515
19/5/00,207587
22/5/00,199424
23/5/00,206838
24/5/00,235947
25/5/00,219571
26/5/00,339157
29/5/00,153547
30/5/00,188558
31/5/00,409689
1/6/00,206304
2/6/00,204096
5/6/00,250086
6/6/00,241711
7/6/00,202473
8/6/00,206225
9/6/00,241261
13/6/00,231524
14/6/00,228423
15/6/00,227634
19/6/00,247632
20/6/00,333220
21/6/00,278632
22/6/00,304027
23/6/00,448282
26/6/00,404128
27/6/00,331934
28/6/00,327305
29/6/00,391344
30/6/00,601151
3/7/00,237226
4/7/00,262482
5/7/00,323612
6/7/00,294867
7/7/00,261442
10/7/00,189486
11/7/00,219752
12/7/00,279640
13/7/00,315773
14/7/00,230735
17/7/00,178136
18/7/00,249907
19/7/00,241641
21/7/00,208998
24/7/00,156755
25/7/00,204193
26/7/00,241231
27/7/00,221942
28/7/00,268530
31/7/00,193621
1/8/00,223905
2/8/00,307186
3/8/00,308500
4/8/00,246991
7/8/00,172329
8/8/00,236609
9/8/00,211785
10/8/00,226728
11/8/00,264052
14/8/00,171606
15/8/00,201460
16/8/00,228198
17/8/00,252680
18/8/00,232702
21/8/00,149011
22/8/00,225113
23/8/00,258073
24/8/00,325261
25/8/00,389760
28/8/00,196313
29/8/00,186509
30/8/00,278233
31/8/00,278279
1/9/00,267855
4/9/00,182546
5/9/00,172075
6/9/00,268346
7/9/00,273404
8/9/00,235669
11/9/00,202174
12/9/00,215490
13/9/00,254863
14/9/00,266845
15/9/00,239234
18/9/00,183259
19/9/00,231634
20/9/00,162698
21/9/00,179339
22/9/00,208762
25/9/00,155025
26/9/00,174325
27/9/00,193960
28/9/00,183055
29/9/00,276088
2/10/00,75270
3/10/00,216513
4/10/00,206724
5/10/00,257847
6/10/00,243296
9/10/00,198718
10/10/00,303277
11/10/00,244437
12/10/00,305069
13/10/00,285212
16/10/00,283297
17/10/00,237360
18/10/00,258501
19/10/00,271458
20/10/00,262851
23/10/00,258496
24/10/00,253425
25/10/00,319967
26/10/00,264011
27/10/00,298208
30/10/00,217357
31/10/00,272652
1/11/00,240794
2/11/00,235966
3/11/00,213187
6/11/00,188763
7/11/00,220874
8/11/00,326391
9/11/00,256698
10/11/00,243722
13/11/00,209488
14/11/00,252678
15/11/00,295906
16/11/00,284821
17/11/00,236910
20/11/00,186023
21/11/00,195700
22/11/00,238847
23/11/00,230686
24/11/00,291653
27/11/00,200945
28/11/00,228768
29/11/00,240793
30/11/00,254500
1/12/00,236019
4/12/00,161107
5/12/00,298732
6/12/00,295245
7/12/00,286951
8/12/00,251566
11/12/00,232672
12/12/00,270020
13/12/00,267662
14/12/00,252328
15/12/00,262305
18/12/00,190620
19/12/00,256830
20/12/00,206713
21/12/00,243903
22/12/00,289953
27/12/00,109191
28/12/00,126801
29/12/00,245472
2/1/01,99586
3/1/01,143258
4/1/01,226484
5/1/01,240970
8/1/01,206266
9/1/01,283688
10/1/01,273049
11/1/01,265384
12/1/01,234773
15/1/01,201800
16/1/01,285417
17/1/01,287349
18/1/01,296596
19/1/01,306261
22/1/01,244865
23/1/01,300402
24/1/01,217964
25/1/01,237738
29/1/01,318761
30/1/01,255867
31/1/01,289107
1/2/01,287858
2/2/01,228126
5/2/01,193962
6/2/01,280958
7/2/01,295564
8/2/01,238182
9/2/01,246015
12/2/01,228074
13/2/01,247933
14/2/01,237399
15/2/01,278162
16/2/01,302246
19/2/01,160020
20/2/01,243822
21/2/01,269353
22/2/01,282772
23/2/01,369447
26/2/01,241959
27/2/01,245873
28/2/01,291260
1/3/01,297339
2/3/01,269445
5/3/01,317964
6/3/01,255120
7/3/01,281773
8/3/01,332735
9/3/01,299504
12/3/01,217543
13/3/01,297519
14/3/01,292791
15/3/01,326734
16/3/01,257885
19/3/01,231716
20/3/01,274086
21/3/01,291650
22/3/01,282472
23/3/01,281611
26/3/01,320918
27/3/01,347144
28/3/01,376337
29/3/01,434097
30/3/01,509835
2/4/01,256263
3/4/01,406766
4/4/01,359068
5/4/01,350116
6/4/01,425375
9/4/01,220438
10/4/01,302729
11/4/01,392812
12/4/01,373366
17/4/01,256421
18/4/01,327849
19/4/01,425787
20/4/01,329689
23/4/01,276872
24/4/01,280148
26/4/01,320047
27/4/01,379178
30/4/01,307668
1/5/01,371005
2/5/01,355934
3/5/01,327596
4/5/01,285975
7/5/01,221739
8/5/01,245616
9/5/01,312553
10/5/01,311194
11/5/01,272376
14/5/01,228347
15/5/01,295809
16/5/01,317215
17/5/01,406241
18/5/01,335047
21/5/01,334202
22/5/01,462576
23/5/01,312726
24/5/01,303323
25/5/01,439602
28/5/01,208788
29/5/01,220919
30/5/01,277175
31/5/01,340665
1/6/01,358807
4/6/01,229881
5/6/01,321434
6/6/01,342899
7/6/01,347027
8/6/01,463939
12/6/01,419230
13/6/01,467299
14/6/01,480383
15/6/01,415586
18/6/01,279386
19/6/01,391174
20/6/01,312825
21/6/01,390308
22/6/01,384787
25/6/01,326987
26/6/01,400579
27/6/01,324674
28/6/01,344605
29/6/01,774407
2/7/01,304227
3/7/01,279825
4/7/01,319409
5/7/01,350443
6/7/01,471485
9/7/01,397610
10/7/01,291784
11/7/01,295353
12/7/01,379023
13/7/01,321647
16/7/01,245621
17/7/01,379309
18/7/01,303872
19/7/01,356844
20/7/01,514016
23/7/01,237227
24/7/01,297038
25/7/01,354246
26/7/01,284459
27/7/01,435074
30/7/01,232458
31/7/01,254658
1/8/01,317795
2/8/01,352477
3/8/01,286295
6/8/01,160484
7/8/01,223102
8/8/01,272277
9/8/01,399913
10/8/01,272808
13/8/01,249092
14/8/01,289725
15/8/01,289526
16/8/01,355538
17/8/01,286615
20/8/01,290480
21/8/01,290611
22/8/01,291799
23/8/01,315263
24/8/01,310965
27/8/01,288800
28/8/01,274534
29/8/01,362289
30/8/01,359544
31/8/01,552332
3/9/01,264268
4/9/01,319569
5/9/01,394360
6/9/01,432994
7/9/01,343413
10/9/01,351087
11/9/01,344362
12/9/01,335468
13/9/01,293509
14/9/01,339992
17/9/01,409623
18/9/01,400842
19/9/01,464215
20/9/01,470462
21/9/01,434353
24/9/01,343663
25/9/01,394146
26/9/01,318527
27/9/01,376767
28/9/01,591792
1/10/01,141853
2/10/01,278193
3/10/01,382579
4/10/01,305863
5/10/01,320173
8/10/01,252306
9/10/01,317665
10/10/01,324199
11/10/01,362213
12/10/01,313980
15/10/01,213624
16/10/01,264969
17/10/01,373330
18/10/01,335019
19/10/01,327825
22/10/01,218660
23/10/01,323781
24/10/01,330455
25/10/01,326835
26/10/01,418084
29/10/01,241216
30/10/01,309315
31/10/01,395652
1/11/01,301526
2/11/01,304268
5/11/01,201864
6/11/01,229556
7/11/01,336173
8/11/01,302665
9/11/01,322566
12/11/01,271901
13/11/01,297193
14/11/01,336509
15/11/01,411706
16/11/01,404794
19/11/01,273072
20/11/01,326442
21/11/01,346906
22/11/01,296672
23/11/01,287291
26/11/01,292681
27/11/01,330788
28/11/01,339220
29/11/01,373417
30/11/01,644043
3/12/01,392114
4/12/01,350980
5/12/01,298019
6/12/01,466927
7/12/01,339656
10/12/01,365383
11/12/01,345520
12/12/01,374447
13/12/01,275102
14/12/01,296176
17/12/01,302945
18/12/01,292420
19/12/01,293103
20/12/01,219606
21/12/01,463245
24/12/01,99385
27/12/01,113569
28/12/01,128658
31/12/01,189484
2/1/02,124361
3/1/02,195079
4/1/02,254653
7/1/02,266604
8/1/02,314951
9/1/02,318613
10/1/02,394162
11/1/02,342219
14/1/02,315617
15/1/02,346210
16/1/02,344356
17/1/02,330841
18/1/02,284634
21/1/02,234382
22/1/02,340605
23/1/02,386357
24/1/02,415393
25/1/02,538175
29/1/02,351523
30/1/02,353958
31/1/02,337289
1/2/02,357834
4/2/02,283320
5/2/02,379315
6/2/02,460244
7/2/02,441041
8/2/02,407917
11/2/02,327845
12/2/02,366576
13/2/02,301270
14/2/02,338713
15/2/02,426934
18/2/02,337560
19/2/02,356715
20/2/02,433102
21/2/02,444886
22/2/02,622953
25/2/02,269449
26/2/02,309646
27/2/02,459856
28/2/02,426555
1/3/02,406708
4/3/02,423413
5/3/02,474616
6/3/02,434106
7/3/02,430858
8/3/02,390276
11/3/02,314618
12/3/02,377572
13/3/02,323216
14/3/02,290790
15/3/02,367024
18/3/02,260411
19/3/02,340558
20/3/02,289801
21/3/02,325391
22/3/02,265425
25/3/02,250397
26/3/02,386528
27/3/02,382024
28/3/02,542907
2/4/02,305761
3/4/02,524709
4/4/02,378204
5/4/02,271413
8/4/02,245005
9/4/02,360612
10/4/02,282673
11/4/02,309607
12/4/02,336220
15/4/02,255331
16/4/02,355672
17/4/02,306420
18/4/02,352226
19/4/02,349501
22/4/02,282470
23/4/02,297125
24/4/02,393404
26/4/02,467182
29/4/02,279147
30/4/02,428553
1/5/02,327780
2/5/02,392500
3/5/02,435307
6/5/02,313621
7/5/02,397752
8/5/02,362815
9/5/02,462301
10/5/02,287202
13/5/02,250968
14/5/02,289383
15/5/02,464162
16/5/02,403486
17/5/02,305649
20/5/02,328907
21/5/02,333402
22/5/02,334606
23/5/02,330013
24/5/02,299365
27/5/02,292353
28/5/02,308969
29/5/02,418790
30/5/02,412208
31/5/02,681557
3/6/02,324750
4/6/02,311074
5/6/02,416958
6/6/02,403202
7/6/02,371361
11/6/02,373195
12/6/02,411376
13/6/02,358000
14/6/02,333721
17/6/02,259869
18/6/02,404988
19/6/02,336103
20/6/02,458604
21/6/02,338479
24/6/02,378712
25/6/02,500629
26/6/02,412152
27/6/02,375422
28/6/02,959726
1/7/02,290585
2/7/02,397613
3/7/02,360303
4/7/02,343140
5/7/02,316074
8/7/02,292011
9/7/02,351675
10/7/02,350060
11/7/02,310453
12/7/02,261904
15/7/02,314762
16/7/02,344889
17/7/02,394082
18/7/02,398554
19/7/02,410530
22/7/02,346885
23/7/02,480455
24/7/02,438364
25/7/02,508934
26/7/02,486889
29/7/02,344121
30/7/02,435933
31/7/02,386369
1/8/02,393255
2/8/02,279843
5/8/02,159600
6/8/02,347051
7/8/02,348981
8/8/02,355301
9/8/02,315348
12/8/02,236636
13/8/02,306175
14/8/02,303997
15/8/02,368853
16/8/02,377224
19/8/02,234011
20/8/02,340354
21/8/02,277196
22/8/02,324673
23/8/02,428851
26/8/02,325465
27/8/02,401409
28/8/02,374561
29/8/02,353941
30/8/02,696263
2/9/02,269707
3/9/02,286313
4/9/02,424065
5/9/02,409876
6/9/02,364392
9/9/02,237577
10/9/02,300339
11/9/02,304805
12/9/02,473029
13/9/02,463395
16/9/02,322146
17/9/02,526373
18/9/02,366699
19/9/02,391008
20/9/02,333359
23/9/02,304465
24/9/02,335725
25/9/02,401071
26/9/02,398667
27/9/02,478210
30/9/02,556632
1/10/02,419935
2/10/02,414157
3/10/02,365762
4/10/02,315702
7/10/02,156898
8/10/02,275950
9/10/02,344173
10/10/02,413115
11/10/02,356693
14/10/02,275676
15/10/02,360224
16/10/02,490750
17/10/02,404518
18/10/02,552548
21/10/02,255675
22/10/02,353429
23/10/02,404396
24/10/02,340725
25/10/02,393724
28/10/02,281396
29/10/02,355593
30/10/02,394122
31/10/02,393199
1/11/02,308800
4/11/02,268241
5/11/02,289203
6/11/02,351872
7/11/02,281857
8/11/02,438439
11/11/02,357424
12/11/02,499858
13/11/02,422534
14/11/02,393995
15/11/02,270263
18/11/02,278331
19/11/02,323165
20/11/02,315734
21/11/02,600286
22/11/02,514528
25/11/02,332269
26/11/02,460041
27/11/02,385979
28/11/02,378947
29/11/02,594075
2/12/02,313077
3/12/02,424705
4/12/02,349378
5/12/02,290612
6/12/02,243643
9/12/02,291265
10/12/02,351790
11/12/02,454210
12/12/02,305989
13/12/02,540717
16/12/02,275837
17/12/02,363277
18/12/02,454621
19/12/02,571639
20/12/02,462446
23/12/02,183375
24/12/02,110772
27/12/02,55375
30/12/02,114747
31/12/02,122034
2/1/03,104381
3/1/03,171275
6/1/03,255211
7/1/03,302352
8/1/03,524777
9/1/03,339421
10/1/03,261359
13/1/03,279990
14/1/03,363590
15/1/03,413109
16/1/03,356119
17/1/03,323803
20/1/03,355317
21/1/03,393327
22/1/03,432266
23/1/03,428489
24/1/03,359017
28/1/03,398508
29/1/03,381757
30/1/03,300900
31/1/03,415107
3/2/03,251591
4/2/03,308513
5/2/03,366010
6/2/03,451517
7/2/03,414623
10/2/03,301932
11/2/03,354136
12/2/03,467863
13/2/03,496268
14/2/03,368164
17/2/03,242345
18/2/03,399168
19/2/03,406867
20/2/03,508444
21/2/03,395425
24/2/03,317958
25/2/03,416234
26/2/03,362484
27/2/03,485908
28/2/03,574400
3/3/03,267656
4/3/03,355420
5/3/03,379296
6/3/03,337473
7/3/03,297000
10/3/03,232700
11/3/03,382640
12/3/03,420735
13/3/03,409051
14/3/03,461774
17/3/03,344076
18/3/03,741636
19/3/03,413354
20/3/03,362766
21/3/03,522309
24/3/03,414271
25/3/03,378378
26/3/03,405165
27/3/03,528330
28/3/03,871094
31/3/03,1077096
1/4/03,438757
2/4/03,426197
3/4/03,484181
4/4/03,392335
7/4/03,425489
8/4/03,616881
9/4/03,406672
10/4/03,470722
11/4/03,403279
14/4/03,378658
15/4/03,425141
16/4/03,397431
17/4/03,281037
22/4/03,256388
23/4/03,284859
24/4/03,562351
28/4/03,398343
29/4/03,437019
30/4/03,469105
1/5/03,393858
2/5/03,344679
5/5/03,400468
6/5/03,463069
7/5/03,493827
8/5/03,461451
9/5/03,382255
12/5/03,385588
13/5/03,455449
14/5/03,430676
15/5/03,544622
16/5/03,391715
19/5/03,415270
20/5/03,441494
21/5/03,387856
22/5/03,553533
23/5/03,499968
26/5/03,398568
27/5/03,447203
28/5/03,577546
29/5/03,603462
30/5/03,695951
2/6/03,346421
3/6/03,535005
4/6/03,428056
5/6/03,521923
6/6/03,396132
10/6/03,621433
11/6/03,499323
12/6/03,901006
13/6/03,484658
16/6/03,526195
17/6/03,638648
18/6/03,533529
19/6/03,631952
20/6/03,455082
23/6/03,424092
24/6/03,404768
25/6/03,432195
26/6/03,464327
27/6/03,568556
30/6/03,356128
1/7/03,488745
2/7/03,450661
3/7/03,376672
4/7/03,319589
7/7/03,293236
8/7/03,640143
9/7/03,395713
10/7/03,436406
11/7/03,435659
14/7/03,278579
15/7/03,430170
16/7/03,473327
17/7/03,417672
18/7/03,345182
21/7/03,275497
22/7/03,331127
23/7/03,396544
24/7/03,397331
25/7/03,499682
28/7/03,372308
29/7/03,482149
30/7/03,439532
31/7/03,521638
1/8/03,357523
4/8/03,147754
5/8/03,381022
6/8/03,391996
7/8/03,479925
8/8/03,323860
11/8/03,331210
12/8/03,424254
13/8/03,411103
14/8/03,457739
15/8/03,395667
18/8/03,292059
19/8/03,452549
20/8/03,450895
21/8/03,514405
22/8/03,501134
25/8/03,341964
26/8/03,473976
27/8/03,443970
28/8/03,708396
29/8/03,844092
1/9/03,493972
2/9/03,645188
3/9/03,573607
4/9/03,542307
5/9/03,410242
8/9/03,362008
9/9/03,377904
10/9/03,478139
11/9/03,508260
12/9/03,368432
15/9/03,320903
16/9/03,384415
17/9/03,379028
18/9/03,598452
19/9/03,531011
22/9/03,370879
23/9/03,385715
24/9/03,482765
25/9/03,580522
26/9/03,532648
29/9/03,241031
30/9/03,556837
1/10/03,577436
2/10/03,483983
3/10/03,399610
6/10/03,173334
7/10/03,321774
8/10/03,459617
9/10/03,370595
10/10/03,361825
13/10/03,346347
14/10/03,453643
15/10/03,419140
16/10/03,439804
17/10/03,346765
20/10/03,329933
21/10/03,382602
22/10/03,353350
23/10/03,506683
24/10/03,317528
27/10/03,331894
28/10/03,359611
29/10/03,392698
30/10/03,381963
31/10/03,500091
3/11/03,306272
4/11/03,417305
5/11/03,423925
6/11/03,443343
7/11/03,360035
10/11/03,379949
11/11/03,588683
12/11/03,581648
13/11/03,381193
14/11/03,325492
17/11/03,290033
18/11/03,431197
19/11/03,472903
20/11/03,424758
21/11/03,351593
24/11/03,263845
25/11/03,328384
26/11/03,295654
27/11/03,329300
28/11/03,394406
1/12/03,253365
2/12/03,388433
3/12/03,340405
4/12/03,371769
5/12/03,322082
8/12/03,358154
9/12/03,388672
10/12/03,394896
11/12/03,387631
12/12/03,288451
15/12/03,388931
16/12/03,345394
17/12/03,390640
18/12/03,715911
19/12/03,707428
22/12/03,225843
23/12/03,611663
24/12/03,215426
29/12/03,160875
30/12/03,208587
31/12/03,142802
2/1/04,89103
5/1/04,232121
6/1/04,351902
7/1/04,372058
8/1/04,346799
9/1/04,410455
12/1/04,380189
13/1/04,512450
14/1/04,403120
15/1/04,421900
16/1/04,432975
19/1/04,485882
20/1/04,371362
21/1/04,444215
22/1/04,350781
23/1/04,330827
27/1/04,454002
28/1/04,701736
29/1/04,493766
30/1/04,524181
2/2/04,374079
3/2/04,421578
5/2/04,420368
9/2/04,315105
10/2/04,469427
11/2/04,462769
12/2/04,495226
13/2/04,445749
16/2/04,278660
17/2/04,356287
18/2/04,434631
19/2/04,423071
20/2/04,385899
23/2/04,394919
24/2/04,415726
25/2/04,477975
26/2/04,435319
27/2/04,605928
1/3/04,389461
2/3/04,480220
3/3/04,563933
4/3/04,474837
5/3/04,417248
8/3/04,406810
9/3/04,421780
10/3/04,603073
11/3/04,574287
12/3/04,376136
15/3/04,334793
16/3/04,401949
17/3/04,412473
18/3/04,724122
19/3/04,509751
22/3/04,385941
23/3/04,531470
24/3/04,457773
25/3/04,479878
26/3/04,621260
29/3/04,408063
30/3/04,427744
31/3/04,431341
1/4/04,510101
2/4/04,514597
5/4/04,418053
6/4/04,439100
7/4/04,447351
8/4/04,303151
13/4/04,255493
14/4/04,429024
15/4/04,513435
16/4/04,440093
19/4/04,278026
20/4/04,366223
21/4/04,476283
22/4/04,407451
23/4/04,734025
26/4/04,137861
27/4/04,436812
28/4/04,409083
29/4/04,574691
30/4/04,735711
4/5/04,450267
5/5/04,480678
6/5/04,504277
7/5/04,504695
10/5/04,442479
11/5/04,528639
12/5/04,377951
13/5/04,438178
14/5/04,430063
17/5/04,307222
18/5/04,465933
19/5/04,463800
20/5/04,422997
21/5/04,347659
24/5/04,288967
25/5/04,420647
26/5/04,601564
27/5/04,465246
28/5/04,785895
31/5/04,368218
1/6/04,379621
2/6/04,432794
3/6/04,443764
4/6/04,316766
7/6/04,356283
8/6/04,443534
9/6/04,505563
10/6/04,565681
11/6/04,318299
15/6/04,355486
16/6/04,469155
17/6/04,935248
18/6/04,579969
21/6/04,555480
22/6/04,474750
23/6/04,563781
24/6/04,553500
25/6/04,731887
28/6/04,324826
29/6/04,456865
30/6/04,535157
1/7/04,529517
2/7/04,500361
5/7/04,397031
6/7/04,454915
7/7/04,488720
8/7/04,551319
9/7/04,469073
12/7/04,262626
13/7/04,347419
14/7/04,441843
15/7/04,394615
16/7/04,358284
19/7/04,297622
20/7/04,533013
21/7/04,491751
22/7/04,431765
23/7/04,497015
26/7/04,403667
27/7/04,429339
28/7/04,398143
29/7/04,592051
30/7/04,562101
2/8/04,204960
3/8/04,412645
4/8/04,380285
5/8/04,456109
6/8/04,453751
9/8/04,369374
10/8/04,500515
11/8/04,465733
12/8/04,419703
13/8/04,383209
16/8/04,263074
17/8/04,343590
18/8/04,407551
19/8/04,493016
20/8/04,358808
23/8/04,346792
24/8/04,460035
25/8/04,445236
27/8/04,593139
31/8/04,476533
1/9/04,576654
2/9/04,503494
3/9/04,389537
6/9/04,279341
7/9/04,293723
8/9/04,416610
9/9/04,733443
10/9/04,395792
13/9/04,378257
14/9/04,437236
15/9/04,409847
16/9/04,699400
17/9/04,333669
20/9/04,350269
21/9/04,433635
22/9/04,467648
23/9/04,451134
24/9/04,659761
27/9/04,356979
28/9/04,438974
29/9/04,493431
30/9/04,469491
1/10/04,396911
4/10/04,174536
5/10/04,430345
6/10/04,495060
7/10/04,553020
8/10/04,458661
11/10/04,485205
12/10/04,543930
13/10/04,596861
14/10/04,750126
15/10/04,530433
18/10/04,393661
19/10/04,462741
20/10/04,579084
21/10/04,552445
22/10/04,534744
25/10/04,541378
26/10/04,792431
27/10/04,681935
28/10/04,676269
29/10/04,813620
1/11/04,363959
2/11/04,346251
3/11/04,789507
4/11/04,538250
5/11/04,544851
8/11/04,368834
9/11/04,494143
10/11/04,470327
11/11/04,422139
12/11/04,516401
15/11/04,358246
16/11/04,488239
17/11/04,455700
18/11/04,602520
19/11/04,407951
22/11/04,429913
23/11/04,521580
24/11/04,512055
25/11/04,514424
26/11/04,511541
29/11/04,351840
30/11/04,501301
1/12/04,554716
2/12/04,446351
3/12/04,399121
6/12/04,332411
7/12/04,456087
8/12/04,524487
9/12/04,464171
10/12/04,634949
14/12/04,448558
15/12/04,359899
16/12/04,595729
20/12/04,330124
21/12/04,349046
22/12/04,388088
23/12/04,306134
24/12/04,475937
29/12/04,136177
30/12/04,119119
31/12/04,121150
4/1/05,199336
5/1/05,329030
6/1/05,397297
7/1/05,309120
10/1/05,304711
11/1/05,412992
12/1/05,365205
13/1/05,434115
14/1/05,375569
17/1/05,339384
18/1/05,446931
19/1/05,452118
20/1/05,374818
21/1/05,301833
24/1/05,331492
25/1/05,388167
27/1/05,451657
28/1/05,615802
31/1/05,403157
1/2/05,432866
2/2/05,571773
3/2/05,585603
4/2/05,524907
7/2/05,401649
8/2/05,504502
9/2/05,426414
10/2/05,464426
11/2/05,418603
14/2/05,661246
15/2/05,470395
16/2/05,504135
17/2/05,481968
18/2/05,449581
21/2/05,360929
22/2/05,457007
23/2/05,559996
24/2/05,549769
25/2/05,675824
28/2/05,472165
1/3/05,488476
2/3/05,491008
3/3/05,470008
4/3/05,395227
7/3/05,334471
8/3/05,444851
9/3/05,604328
10/3/05,469442
11/3/05,485190
14/3/05,349539
15/3/05,369336
16/3/05,510876
17/3/05,544290
18/3/05,516139
21/3/05,371763
22/3/05,527150
23/3/05,520783
24/3/05,567669
29/3/05,422222
30/3/05,538026
31/3/05,511375
1/4/05,416306
4/4/05,377931
5/4/05,466127
6/4/05,480395
7/4/05,350397
8/4/05,393963
11/4/05,297946
12/4/05,335640
13/4/05,463190
14/4/05,432845
15/4/05,626608
18/4/05,490093
19/4/05,476535
20/4/05,600513
21/4/05,449336
22/4/05,507611
26/4/05,446226
27/4/05,426267
28/4/05,450029
29/4/05,625772
3/5/05,417472
4/5/05,559959
5/5/05,522562
6/5/05,448772
9/5/05,386676
10/5/05,556799
11/5/05,394677
12/5/05,490073
13/5/05,406553
16/5/05,370585
17/5/05,472276
18/5/05,462221
19/5/05,500243
20/5/05,438865
23/5/05,411827
24/5/05,554708
25/5/05,441576
26/5/05,443372
27/5/05,560179
30/5/05,320076
31/5/05,853189
1/6/05,619695
2/6/05,550244
3/6/05,531994
6/6/05,418699
7/6/05,452554
8/6/05,473043
9/6/05,430129
10/6/05,350506
14/6/05,421702
15/6/05,479343
16/6/05,686824
17/6/05,582027
20/6/05,404517
21/6/05,443476
22/6/05,493499
23/6/05,536466
24/6/05,611129
27/6/05,445079
28/6/05,494800
29/6/05,486494
30/6/05,489968
1/7/05,460297
4/7/05,312948
5/7/05,431519
6/7/05,445469
7/7/05,504374
8/7/05,336149
11/7/05,289417
12/7/05,377084
13/7/05,688310
14/7/05,390814
15/7/05,333626
18/7/05,320414
19/7/05,384134
20/7/05,432271
21/7/05,530804
22/7/05,442686
25/7/05,372127
26/7/05,381273
27/7/05,367742
28/7/05,492254
29/7/05,540062
1/8/05,226358
2/8/05,518006
3/8/05,581099
4/8/05,462218
5/8/05,423701
8/8/05,327829
9/8/05,422212
10/8/05,526776
11/8/05,650256
12/8/05,606723
15/8/05,377740
16/8/05,440306
17/8/05,544497
18/8/05,518632
19/8/05,459953
22/8/05,446833
23/8/05,444462
24/8/05,509267
25/8/05,596642
26/8/05,722155
29/8/05,480228
30/8/05,390799
31/8/05,528128
1/9/05,465778
2/9/05,495955
5/9/05,505459
6/9/05,471022
7/9/05,593655
8/9/05,498777
9/9/05,346664
12/9/05,333726
13/9/05,446111
14/9/05,565041
15/9/05,787167
16/9/05,574766
19/9/05,299483
20/9/05,429454
21/9/05,567496
22/9/05,517338
23/9/05,423613
26/9/05,543542
27/9/05,688660
28/9/05,537196
29/9/05,476653
30/9/05,584366
3/10/05,174890
4/10/05,412172
5/10/05,580871
6/10/05,537392
7/10/05,506771
10/10/05,361166
11/10/05,425577
12/10/05,393216
13/10/05,509417
14/10/05,478877
17/10/05,399593
18/10/05,533508
19/10/05,502199
20/10/05,451875
21/10/05,450500
24/10/05,422963
25/10/05,550891
26/10/05,450944
27/10/05,514210
28/10/05,531417
31/10/05,335533
1/11/05,255919
2/11/05,436569
3/11/05,487742
4/11/05,404186
7/11/05,319242
8/11/05,432345
9/11/05,389023
10/11/05,472786
11/11/05,518980
14/11/05,452622
15/11/05,591952
16/11/05,533075
17/11/05,394349
18/11/05,448698
21/11/05,342925
22/11/05,590075
23/11/05,463723
24/11/05,730310
25/11/05,488948
28/11/05,369152
29/11/05,418096
30/11/05,662200
1/12/05,897919
2/12/05,600477
5/12/05,328984
6/12/05,396356
7/12/05,404967
8/12/05,552026
9/12/05,362932
12/12/05,333123
13/12/05,342954
14/12/05,443642
15/12/05,593680
16/12/05,328768
19/12/05,347326
20/12/05,370240
21/12/05,420861
22/12/05,345419
23/12/05,395594
28/12/05,177270
29/12/05,186326
30/12/05,182969
3/1/06,181891
4/1/06,355942
5/1/06,343605
6/1/06,291216
9/1/06,335397
10/1/06,440620
11/1/06,415953
12/1/06,395586
13/1/06,304250
16/1/06,341557
17/1/06,428694
18/1/06,580356
19/1/06,517352
20/1/06,467609
23/1/06,378832
24/1/06,482050
25/1/06,556939
27/1/06,446256
30/1/06,454421
31/1/06,509214
1/2/06,478157
2/2/06,584205
3/2/06,469416
6/2/06,369075
7/2/06,459328
8/2/06,594199
9/2/06,503594
10/2/06,472973
13/2/06,436461
14/2/06,602426
15/2/06,498338
16/2/06,491202
17/2/06,475385
20/2/06,438107
21/2/06,495855
22/2/06,582017
23/2/06,645272
24/2/06,677528
27/2/06,552469
28/2/06,572381
1/3/06,599714
2/3/06,536890
3/3/06,434949
6/3/06,359950
7/3/06,451041
8/3/06,513275
9/3/06,581414
10/3/06,388502
13/3/06,403389
14/3/06,471324
15/3/06,577259
16/3/06,780989
17/3/06,506561
20/3/06,423493
21/3/06,544065
22/3/06,490781
23/3/06,558159
24/3/06,525643
27/3/06,583749
28/3/06,620370
29/3/06,543199
30/3/06,683449
31/3/06,805741
3/4/06,463629
4/4/06,526239
5/4/06,537614
6/4/06,546736
7/4/06,459712
10/4/06,389749
11/4/06,479296
12/4/06,493224
13/4/06,296524
18/4/06,478995
19/4/06,693542
20/4/06,591369
21/4/06,583601
24/4/06,369300
26/4/06,589976
27/4/06,607012
28/4/06,758860
1/5/06,373010
2/5/06,526301
3/5/06,484857
4/5/06,622301
5/5/06,467032
8/5/06,485582
9/5/06,508642
10/5/06,545471
11/5/06,514125
12/5/06,475161
15/5/06,490149
16/5/06,636411
17/5/06,669832
18/5/06,614932
19/5/06,464775
22/5/06,484945
23/5/06,536285
24/5/06,638495
25/5/06,540205
26/5/06,72510
29/5/06,294988
30/5/06,366254
31/5/06,799094
1/6/06,453129
2/6/06,517142
5/6/06,410998
6/6/06,591684
7/6/06,468273
8/6/06,678091
9/6/06,663195
13/6/06,580785
14/6/06,635726
15/6/06,1071754
16/6/06,477639
19/6/06,397782
20/6/06,512802
21/6/06,498414
22/6/06,621491
23/6/06,456591
26/6/06,388469
27/6/06,518437
28/6/06,472120
29/6/06,489925
30/6/06,899161
3/7/06,517437
4/7/06,465223
5/7/06,395914
6/7/06,531292
7/7/06,508211
10/7/06,382934
11/7/06,455192
12/7/06,436835
13/7/06,515477
14/7/06,509574
17/7/06,381988
18/7/06,469755
19/7/06,430127
20/7/06,535885
21/7/06,385652
24/7/06,357296
25/7/06,499523
26/7/06,469790
27/7/06,623808
28/7/06,588849
31/7/06,439307
1/8/06,429319
2/8/06,541625
3/8/06,540115
4/8/06,513568
7/8/06,285885
8/8/06,474731
9/8/06,554647
10/8/06,485569
11/8/06,455290
14/8/06,473456
15/8/06,500799
16/8/06,559703
17/8/06,816790
18/8/06,528210
21/8/06,421830
22/8/06,501611
23/8/06,598367
24/8/06,925192
25/8/06,814620
28/8/06,460210
29/8/06,503970
30/8/06,581948
31/8/06,700657
1/9/06,437788
4/9/06,497899
5/9/06,432863
6/9/06,497401
7/9/06,468414
8/9/06,524518
11/9/06,501036
12/9/06,580667
13/9/06,558083
14/9/06,568598
15/9/06,568400
18/9/06,428966
19/9/06,476763
20/9/06,648296
21/9/06,1197648
22/9/06,622469
25/9/06,594243
26/9/06,567170
27/9/06,679644
28/9/06,720544
29/9/06,719644
2/10/06,202827
3/10/06,460787
4/10/06,501300
5/10/06,542597
6/10/06,457084
9/10/06,433708
10/10/06,521728
11/10/06,538939
12/10/06,615418
13/10/06,569248
16/10/06,575044
17/10/06,639425
18/10/06,711085
19/10/06,659535
20/10/06,681055
23/10/06,466901
24/10/06,619501
25/10/06,632052
26/10/06,719051
27/10/06,813014
30/10/06,514954
31/10/06,598359
1/11/06,586741
2/11/06,602455
3/11/06,499103
6/11/06,385188
7/11/06,364782
8/11/06,560068
9/11/06,601037
10/11/06,608298
13/11/06,460768
14/11/06,567124
15/11/06,574352
16/11/06,587781
17/11/06,588451
20/11/06,998509
21/11/06,684083
22/11/06,806841
23/11/06,659135
24/11/06,730722
27/11/06,489266
28/11/06,710683
29/11/06,816285
30/11/06,830357
1/12/06,556742
4/12/06,498495
5/12/06,730252
6/12/06,762721
7/12/06,656673
8/12/06,578314
11/12/06,537055
12/12/06,693727
13/12/06,593385
14/12/06,666756
15/12/06,685101
18/12/06,636835
19/12/06,654390
20/12/06,755953
21/12/06,980180
22/12/06,665333
27/12/06,164562
28/12/06,307514
29/12/06,264140
2/1/07,225693
3/1/07,315685
4/1/07,521568
5/1/07,472850
8/1/07,496944
9/1/07,720722
10/1/07,720212
11/1/07,610776
12/1/07,580377
15/1/07,408849
16/1/07,582991
17/1/07,560919
18/1/07,603387
19/1/07,611366
22/1/07,550413
23/1/07,493327
24/1/07,677007
25/1/07,795350
29/1/07,590543
30/1/07,704494
31/1/07,697396
1/2/07,731064
2/2/07,650368
5/2/07,609901
6/2/07,684546
7/2/07,740687
8/2/07,684014
9/2/07,652186
12/2/07,547283
13/2/07,587450
14/2/07,636775
15/2/07,741955
16/2/07,637625
19/2/07,394474
20/2/07,506227
21/2/07,625029
22/2/07,819275
23/2/07,968703
26/2/07,749880
27/2/07,665952
28/2/07,920106
1/3/07,715122
2/3/07,636783
5/3/07,782860
6/3/07,752550
7/3/07,678526
8/3/07,619673
9/3/07,659321
12/3/07,553212
13/3/07,597747
14/3/07,619987
15/3/07,934552
16/3/07,688302
19/3/07,421506
20/3/07,488543
21/3/07,538601
22/3/07,663187
23/3/07,617298
26/3/07,547178
27/3/07,626108
28/3/07,675008
29/3/07,819693
30/3/07,841970
2/4/07,563812
3/4/07,593619
4/4/07,663834
5/4/07,629030
10/4/07,590450
11/4/07,659472
12/4/07,605179
13/4/07,793667
16/4/07,671244
17/4/07,654977
18/4/07,810658
19/4/07,727716
20/4/07,541438
23/4/07,616840
24/4/07,632964
26/4/07,679724
27/4/07,804612
30/4/07,611585
1/5/07,705943
2/5/07,732882
3/5/07,616577
4/5/07,577065
7/5/07,557007
8/5/07,872106
9/5/07,647240
10/5/07,717335
11/5/07,622778
14/5/07,515363
15/5/07,643432
16/5/07,581439
17/5/07,791986
18/5/07,585700
21/5/07,545674
22/5/07,666048
23/5/07,787712
24/5/07,650483
25/5/07,985864
28/5/07,513995
29/5/07,567683
30/5/07,736858
31/5/07,925003
1/6/07,716020
4/6/07,607144
5/6/07,744584
6/6/07,711086
7/6/07,694055
8/6/07,835083
12/6/07,654734
13/6/07,696282
14/6/07,703381
15/6/07,780926
18/6/07,701384
19/6/07,929341
20/6/07,779209
21/6/07,1309639
22/6/07,713985
25/6/07,663817
26/6/07,655419
27/6/07,848664
28/6/07,903100
29/6/07,1287591
2/7/07,767212
3/7/07,849011
4/7/07,712256
5/7/07,618381
6/7/07,640164
9/7/07,504530
10/7/07,629801
11/7/07,647228
12/7/07,711225
13/7/07,643045
16/7/07,521211
17/7/07,605304
18/7/07,649280
19/7/07,711266
20/7/07,720607
23/7/07,546283
24/7/07,729702
25/7/07,569729
26/7/07,772770
27/7/07,1131339
30/7/07,664648
31/7/07,682546
1/8/07,873120
2/8/07,842240
3/8/07,600505
6/8/07,489058
7/8/07,873120
8/8/07,792591
9/8/07,947810
10/8/07,1025776
13/8/07,672352
14/8/07,685455
15/8/07,947810
16/8/07,1464344
17/8/07,980358
20/8/07,772599
21/8/07,640247
22/8/07,734916
23/8/07,918257
24/8/07,698253
27/8/07,733504
28/8/07,745535
29/8/07,823673
30/8/07,715294
31/8/07,975457
3/9/07,469150
4/9/07,680945
5/9/07,674852
6/9/07,579682
7/9/07,369031
10/9/07,517393
11/9/07,624849
12/9/07,699257
13/9/07,623967
14/9/07,686077
17/9/07,557776
18/9/07,746572
19/9/07,744254
20/9/07,1489287
21/9/07,583803
24/9/07,559923
25/9/07,632931
26/9/07,661561
27/9/07,788660
28/9/07,1026832
1/10/07,266311
2/10/07,728404
3/10/07,693467
4/10/07,656140
5/10/07,545865
8/10/07,498198
9/10/07,611477
10/10/07,596885
11/10/07,639531
12/10/07,598625
15/10/07,487479
16/10/07,568475
17/10/07,650218
18/10/07,626796
19/10/07,492432
22/10/07,902940
23/10/07,596259
24/10/07,758549
25/10/07,800078
26/10/07,817882
29/10/07,616372
30/10/07,539832
31/10/07,785750
1/11/07,709158
2/11/07,643122
5/11/07,555753
6/11/07,386446
7/11/07,635112
8/11/07,749514
9/11/07,696707
12/11/07,637300
13/11/07,658816
14/11/07,638316
15/11/07,716323
16/11/07,562593
19/11/07,498002
20/11/07,627794
21/11/07,672828
22/11/07,630047
23/11/07,378282
26/11/07,547183
27/11/07,742290
28/11/07,660783
29/11/07,772062
30/11/07,1217419
3/12/07,551826
4/12/07,746481
5/12/07,600745
6/12/07,737867
7/12/07,561936
10/12/07,485249
11/12/07,675780
12/12/07,598133
13/12/07,610846
14/12/07,615563
17/12/07,862965
18/12/07,1190218
19/12/07,1286616
20/12/07,1465352
21/12/07,1082707
24/12/07,275401
27/12/07,335606
28/12/07,354720
31/12/07,228360
2/1/08,316795
3/1/08,451327
4/1/08,503992
7/1/08,595969
8/1/08,667475
9/1/08,713573
10/1/08,834904
11/1/08,645066
14/1/08,653734
15/1/08,969776
16/1/08,1016071
17/1/08,896066
18/1/08,884257
21/1/08,725660
22/1/08,1349031
23/1/08,1280857
24/1/08,974581
25/1/08,1085029
29/1/08,918742
30/1/08,822775
31/1/08,983503
1/2/08,755313
4/2/08,713561
5/2/08,642964
6/2/08,751322
7/2/08,690510
8/2/08,523917
11/2/08,544250
12/2/08,730024
13/2/08,797033
14/2/08,879097
15/2/08,614006
18/2/08,668567
19/2/08,723869
20/2/08,750362
21/2/08,880790
22/2/08,793471
25/2/08,653672
26/2/08,951212
27/2/08,726670
28/2/08,858550
29/2/08,989083
3/3/08,788834
4/3/08,990114
5/3/08,1034156
6/3/08,994149
7/3/08,926786
10/3/08,788800
11/3/08,1057887
12/3/08,989084
13/3/08,757121
14/3/08,689443
17/3/08,746736
18/3/08,848126
19/3/08,1037019
20/3/08,1943974
25/3/08,993431
26/3/08,790663
27/3/08,807150
28/3/08,1167328
31/3/08,762872
1/4/08,668688
2/4/08,926865
3/4/08,917545
4/4/08,1077357
7/4/08,706119
8/4/08,837478
9/4/08,647344
10/4/08,671248
11/4/08,688405
14/4/08,589934
15/4/08,671965
16/4/08,704604
17/4/08,756872
18/4/08,572120
21/4/08,660544
22/4/08,550172
23/4/08,717605
24/4/08,881637
28/4/08,667080
29/4/08,663273
30/4/08,895419
1/5/08,691880
2/5/08,745738
5/5/08,570691
6/5/08,617605
7/5/08,804290
8/5/08,790605
9/5/08,673038
12/5/08,560381
13/5/08,705538
14/5/08,739826
15/5/08,979225
16/5/08,701535
19/5/08,691519
20/5/08,624755
21/5/08,723245
22/5/08,892230
23/5/08,901417
26/5/08,631540
27/5/08,580008
28/5/08,839042
29/5/08,947112
30/5/08,1477427
2/6/08,733484
3/6/08,862571
4/6/08,837007
5/6/08,745129
6/6/08,691815
10/6/08,859819
11/6/08,954017
12/6/08,898968
13/6/08,917328
16/6/08,696286
17/6/08,965002
18/6/08,1074602
19/6/08,1500424
20/6/08,1193620
23/6/08,919902
24/6/08,987914
25/6/08,1017467
26/6/08,1133576
27/6/08,1241467
30/6/08,1077899
1/7/08,740779
2/7/08,929872
3/7/08,913823
4/7/08,736757
7/7/08,612538
8/7/08,812624
9/7/08,908632
10/7/08,846358
11/7/08,735029
14/7/08,681449
15/7/08,831123
16/7/08,969697
17/7/08,833094
18/7/08,728676
21/7/08,827516
22/7/08,765138
23/7/08,946729
24/7/08,821293
25/7/08,884313
28/7/08,706792
29/7/08,695636
30/7/08,608253
31/7/08,906455
1/8/08,608683
4/8/08,491206
5/8/08,880517
6/8/08,920597
7/8/08,858792
8/8/08,778597
11/8/08,651240
12/8/08,786682
13/8/08,792689
14/8/08,918114
15/8/08,726533
18/8/08,601328
19/8/08,733901
20/8/08,874312
21/8/08,915997
22/8/08,1001044
25/8/08,711069
26/8/08,658669
27/8/08,717819
28/8/08,803439
29/8/08,977582
1/9/08,563082
2/9/08,723944
3/9/08,889871
4/9/08,836981
5/9/08,849324
8/9/08,817390
9/9/08,870800
10/9/08,876137
11/9/08,809129
12/9/08,768196
15/9/08,729122
16/9/08,1197036
17/9/08,1301586
18/9/08,1875433
19/9/08,1664580
22/9/08,1122448
23/9/08,623964
24/9/08,799932
25/9/08,786286
26/9/08,796230
29/9/08,514997
30/9/08,755974
1/10/08,546383
2/10/08,618194
3/10/08,590866
6/10/08,316520
7/10/08,791911
8/10/08,731377
9/10/08,975685
10/10/08,1078492
13/10/08,945917
14/10/08,1077043
15/10/08,844678
16/10/08,867123
17/10/08,892187
20/10/08,992191
21/10/08,780145
22/10/08,732335
23/10/08,762397
24/10/08,696056
27/10/08,737865
28/10/08,881492
29/10/08,1127903
30/10/08,1062544
31/10/08,1037543
3/11/08,767392
4/11/08,562037
5/11/08,1208664
6/11/08,838672
7/11/08,743071
10/11/08,819594
11/11/08,890332
12/11/08,842519
13/11/08,932912
14/11/08,715341
17/11/08,659175
18/11/08,768189
19/11/08,1020477
20/11/08,1082579
21/11/08,1200201
24/11/08,820485
25/11/08,1147671
26/11/08,843425
27/11/08,855938
28/11/08,1003045
1/12/08,723287
2/12/08,798571
3/12/08,682427
4/12/08,807690
5/12/08,725007
8/12/08,750362
9/12/08,762541
10/12/08,813479
11/12/08,792375
12/12/08,722675
15/12/08,918978
16/12/08,1006680
17/12/08,932175
18/12/08,750362
19/12/08,1679855
22/12/08,563801
23/12/08,613391
24/12/08,363905
29/12/08,750362
30/12/08,411593
31/12/08,360107
2/1/09,332680
5/1/09,680693
6/1/09,690366
7/1/09,1020605
8/1/09,636074
9/1/09,577924
12/1/09,530127
13/1/09,582242
14/1/09,623243
15/1/09,672370
16/1/09,545853
19/1/09,425345
20/1/09,594549
21/1/09,661244
22/1/09,601185
23/1/09,828893
27/1/09,658068
28/1/09,724879
29/1/09,788490
30/1/09,813095
2/2/09,596951
3/2/09,962466
4/2/09,923393
5/2/09,857386
6/2/09,755564
9/2/09,745397
10/2/09,668324
11/2/09,607621
12/2/09,815251
13/2/09,737662
16/2/09,562331
17/2/09,959876
18/2/09,1030203
19/2/09,922498
20/2/09,729777
23/2/09,803945
24/2/09,784420
25/2/09,984671
26/2/09,919216
27/2/09,1361428
2/3/09,866016
3/3/09,992300
4/3/09,873987
5/3/09,1032444
6/3/09,864200
9/3/09,650503
10/3/09,860574
11/3/09,1076514
12/3/09,787090
13/3/09,1208040
16/3/09,1458212
17/3/09,1189514
18/3/09,1455176
19/3/09,2123802
20/3/09,1462879
23/3/09,915515
24/3/09,1118537
25/3/09,1003824
26/3/09,1002811
27/3/09,1136144
30/3/09,694607
31/3/09,996552
1/4/09,1012053
2/4/09,1207830
3/4/09,1237325
6/4/09,1068591
7/4/09,1138585
8/4/09,887737
9/4/09,719174
14/4/09,884234
15/4/09,888073
16/4/09,928935
17/4/09,1031917
20/4/09,929696
21/4/09,852762
22/4/09,945962
23/4/09,981273
24/4/09,979794
27/4/09,857837
28/4/09,750362
29/4/09,1021179
30/4/09,1132981
1/5/09,833100
4/5/09,1001341
5/5/09,1235135
6/5/09,1157951
7/5/09,1409969
8/5/09,953862
11/5/09,1617577
12/5/09,1161694
13/5/09,1192487
14/5/09,1244624
15/5/09,1132171
18/5/09,775643
19/5/09,1099474
20/5/09,1019196
21/5/09,1136292
22/5/09,1001569
25/5/09,834975
26/5/09,1024474
27/5/09,1378538
28/5/09,1141527
29/5/09,1947897
1/6/09,1268337
2/6/09,1556182
3/6/09,1617597
4/6/09,1556632
5/6/09,1538671
9/6/09,1437791
10/6/09,1521180
11/6/09,1417746
12/6/09,1586226
15/6/09,1659050
16/6/09,1659050
17/6/09,1468680
18/6/09,1536273
19/6/09,1363455
22/6/09,1035176
23/6/09,1141291
24/6/09,1072585
25/6/09,993895
26/6/09,1114176
29/6/09,870297
30/6/09,1267604
1/7/09,853906
2/7/09,979561
3/7/09,811758
6/7/09,711286
7/7/09,786877
8/7/09,1114472
9/7/09,900519
10/7/09,729801
13/7/09,744300
14/7/09,794070
15/7/09,926943
16/7/09,1103972
17/7/09,846358
20/7/09,818168
21/7/09,915771
22/7/09,1047097
23/7/09,1190213
24/7/09,1185100
27/7/09,996753
28/7/09,1192931
29/7/09,1338413
30/7/09,1342043
31/7/09,1688114
3/8/09,976330
4/8/09,1861450
5/8/09,5356865
6/8/09,1390460
7/8/09,1042554
10/8/09,1499657
11/8/09,1178522
12/8/09,1169320
13/8/09,1643894
14/8/09,1540666
17/8/09,1020064
18/8/09,1119122
19/8/09,1423872
20/8/09,1292733
21/8/09,2419234
24/8/09,1187133
25/8/09,1233931
26/8/09,1856824
27/8/09,1618441
28/8/09,1618879
31/8/09,1767320
1/9/09,1259043
2/9/09,1369693
3/9/09,1191743
4/9/09,1445786
7/9/09,1559206
8/9/09,1550831
9/9/09,1519196
10/9/09,1668811
11/9/09,1459684
14/9/09,1136416
15/9/09,1709392
16/9/09,1621134
17/9/09,1899676
18/9/09,1719607
21/9/09,1041691
22/9/09,1079837
23/9/09,1104766
24/9/09,1152913
25/9/09,1842900
28/9/09,937146
29/9/09,1127272
30/9/09,818168
1/10/09,1041461
2/10/09,1033080
5/10/09,439113
6/10/09,1003025
7/10/09,1200205
8/10/09,1295082
9/10/09,1310818
12/10/09,886102
13/10/09,1072518
14/10/09,1019608
15/10/09,1388189
16/10/09,962179
19/10/09,823767
20/10/09,1388073
21/10/09,1304718
22/10/09,1127079
23/10/09,1710514
26/10/09,866192
27/10/09,1382354
28/10/09,1314155
29/10/09,1584315
30/10/09,1588632
2/11/09,1040107
3/11/09,734914
4/11/09,1086314
5/11/09,1219868
6/11/09,1097739
9/11/09,1196006
10/11/09,1333096
11/11/09,1183113
12/11/09,1022517
13/11/09,1049501
16/11/09,1129855
17/11/09,1150696
18/11/09,1151811
19/11/09,953024
20/11/09,836191
23/11/09,782476
24/11/09,943367
25/11/09,1287605
26/11/09,964066
27/11/09,1236046
30/11/09,1042894
1/12/09,837906
3/12/09,1107754
4/12/09,876985
7/12/09,793989
8/12/09,1013642
9/12/09,972289
10/12/09,1226888
11/12/09,940472
14/12/09,802387
15/12/09,1054397
16/12/09,921511
17/12/09,1767561
18/12/09,1387266
21/12/09,758501
22/12/09,615451
23/12/09,551976
24/12/09,372436
29/12/09,507075
30/12/09,379815
31/12/09,339273
4/1/10,465716
5/1/10,859750
6/1/10,871319
7/1/10,868621
8/1/10,644057
11/1/10,653885
12/1/10,737610
13/1/10,872727
14/1/10,693237
15/1/10,740170
18/1/10,820832
19/1/10,896623
20/1/10,821871
21/1/10,1103199
22/1/10,1175416
25/1/10,803079
27/1/10,1169819
28/1/10,1155804
29/1/10,1347057
1/2/10,1118549
2/2/10,1076876
3/2/10,1123518
4/2/10,1042467
5/2/10,1264415
8/2/10,783099
9/2/10,921690
10/2/10,967557
11/2/10,867272
12/2/10,1057526
15/2/10,627466
16/2/10,840193
17/2/10,1036214
18/2/10,1038304
19/2/10,1250874
22/2/10,993670
23/2/10,1114452
24/2/10,1384539
25/2/10,1231218
26/2/10,1269778
1/3/10,1372725
2/3/10,884378
3/3/10,1310929
4/3/10,1144301
5/3/10,994370
8/3/10,865063
9/3/10,1174392
10/3/10,1170278
11/3/10,960289
12/3/10,874656
15/3/10,981448
16/3/10,1207252
17/3/10,1364784
18/3/10,1416460
19/3/10,1310124
22/3/10,830542
23/3/10,1067206
24/3/10,1065447
25/3/10,1068452
26/3/10,1215698
29/3/10,846836
30/3/10,1007151
31/3/10,1336190
1/4/10,1268046
6/4/10,1027986
7/4/10,1208200
8/4/10,1218845
9/4/10,1001472
12/4/10,993435
13/4/10,1155416
14/4/10,1054516
15/4/10,1336856
16/4/10,986577
19/4/10,885137
20/4/10,926053
21/4/10,1042490
22/4/10,951807
23/4/10,895200
27/4/10,1102409
28/4/10,1113912
29/4/10,1056898
30/4/10,1282538
3/5/10,1107233
4/5/10,1362823
5/5/10,1496482
6/5/10,1596441
7/5/10,1660174
10/5/10,1175172
11/5/10,1181368
12/5/10,1044347
13/5/10,1030279
14/5/10,846509
17/5/10,1129363
18/5/10,1316752
19/5/10,1305376
20/5/10,1409437
21/5/10,1844959
24/5/10,1063213
25/5/10,1170007
26/5/10,1421158
27/5/10,1463806
28/5/10,1504281
31/5/10,992743
1/6/10,1190893
2/6/10,1107512
3/6/10,942834
4/6/10,797923
7/6/10,990459
8/6/10,1022372
9/6/10,1009393
10/6/10,1183462
11/6/10,1029080
15/6/10,855689
16/6/10,1216249
17/6/10,1134949
18/6/10,988380
21/6/10,1003779
22/6/10,1054533
23/6/10,961339
24/6/10,957486
25/6/10,1147767
28/6/10,743146
29/6/10,778112
30/6/10,1109334
1/7/10,994325
2/7/10,822235
5/7/10,679296
6/7/10,754585
7/7/10,892253
8/7/10,942800
9/7/10,688735
12/7/10,795079
13/7/10,805323
14/7/10,761821
15/7/10,812257
16/7/10,688805
19/7/10,716773
20/7/10,921132
21/7/10,885443
22/7/10,850531
23/7/10,943994
26/7/10,863905
27/7/10,874548
28/7/10,881833
29/7/10,849673
30/7/10,979664
2/8/10,551925
3/8/10,872624
4/8/10,802487
5/8/10,906766
6/8/10,693378
9/8/10,719334
10/8/10,1074364
11/8/10,1000433
12/8/10,1387994
13/8/10,1150097
16/8/10,948526
17/8/10,999938
18/8/10,1245298
19/8/10,1362395
20/8/10,1170522
23/8/10,926620
24/8/10,1091783
25/8/10,1341807
26/8/10,1373000
27/8/10,1272411
30/8/10,1013581
31/8/10,1163415
1/9/10,1213556
2/9/10,685858
3/9/10,1097626
6/9/10,967394
7/9/10,1034315
8/9/10,1010824
9/9/10,1153337
10/9/10,1013482
13/9/10,1130316
14/9/10,1138322
15/9/10,1286735
16/9/10,1542255
17/9/10,1135838
20/9/10,674989
21/9/10,887331
22/9/10,882765
23/9/10,793624
24/9/10,948961
27/9/10,913599
28/9/10,751180
29/9/10,1021134
30/9/10,1298907
1/10/10,732045
4/10/10,431383
5/10/10,843120
6/10/10,1086018
7/10/10,996768
8/10/10,844759
11/10/10,923866
12/10/10,989568
13/10/10,992959
14/10/10,1167331
15/10/10,1021171
18/10/10,852905
19/10/10,1230025
20/10/10,1117573
21/10/10,1149979
22/10/10,847877
25/10/10,868666
26/10/10,908473
27/10/10,1392340
28/10/10,1015815
29/10/10,1279086
1/11/10,753350
2/11/10,651733
3/11/10,761181
4/11/10,987121
5/11/10,1116370
8/11/10,922398
9/11/10,1281052
10/11/10,1024791
11/11/10,1051087
12/11/10,1135142
15/11/10,842040
16/11/10,1044504
17/11/10,1011553
18/11/10,1126135
19/11/10,907436
22/11/10,894208
23/11/10,1290886
24/11/10,1285674
25/11/10,1286448
26/11/10,972633
29/11/10,812071
30/11/10,1156999
1/12/10,855404
2/12/10,1038401
3/12/10,755754
6/12/10,879016
7/12/10,1058750
8/12/10,968099
9/12/10,1111603
10/12/10,1126591
13/12/10,1035484
14/12/10,1059371
15/12/10,1109965
16/12/10,1203427
17/12/10,1133304
20/12/10,743197
21/12/10,727932
22/12/10,654479
23/12/10,634693
24/12/10,547455
29/12/10,562243
30/12/10,515839
31/12/10,320253
4/1/11,778275
5/1/11,937274
6/1/11,762718
7/1/11,806649
10/1/11,602854
11/1/11,908719
12/1/11,907548
13/1/11,879327
14/1/11,697096
17/1/11,665506
18/1/11,767445
19/1/11,907338
20/1/11,973989
21/1/11,1102259
24/1/11,819606
25/1/11,829263
27/1/11,984373
28/1/11,981622
31/1/11,777498
1/2/11,995106
2/2/11,1084600
3/2/11,878015
4/2/11,1042629
7/2/11,660528
8/2/11,875625
9/2/11,1056845
10/2/11,850999
11/2/11,833911
14/2/11,795393
15/2/11,743779
16/2/11,806095
17/2/11,972593
18/2/11,848695
21/2/11,944878
22/2/11,848392
23/2/11,1034889
24/2/11,1003882
25/2/11,1006787
28/2/11,537142
1/3/11,1068093
2/3/11,1174184
3/3/11,1488099
4/3/11,1088532
7/3/11,1014853
8/3/11,968444
9/3/11,911545
10/3/11,1251324
11/3/11,1300022
14/3/11,1024124
15/3/11,1323190
16/3/11,1528935
17/3/11,1707857
18/3/11,2030119
21/3/11,953885
22/3/11,898179
23/3/11,820804
24/3/11,811265
25/3/11,1091938
28/3/11,655422
29/3/11,891952
30/3/11,1015330
31/3/11,1110036
1/4/11,789065
4/4/11,922086
5/4/11,1017463
6/4/11,1002621
7/4/11,933783
8/4/11,853799
11/4/11,928862
12/4/11,1104463
13/4/11,362566
14/4/11,921871
15/4/11,752458
18/4/11,751853
19/4/11,835197
20/4/11,785964
21/4/11,723047
27/4/11,987011
28/4/11,894862
29/4/11,1184144
2/5/11,906732
3/5/11,982934
4/5/11,1154806
5/5/11,1133254
6/5/11,1157516
9/5/11,814473
10/5/11,946904
11/5/11,949151
12/5/11,1010670
13/5/11,832976
16/5/11,989568
17/5/11,824226
18/5/11,890433
19/5/11,1097870
20/5/11,829259
23/5/11,830127
24/5/11,991249
25/5/11,967724
26/5/11,1140652
27/5/11,872250
30/5/11,704518
31/5/11,1204270
1/6/11,898322
2/6/11,1006721
3/6/11,851294
6/6/11,727070
7/6/11,975793
8/6/11,1018873
9/6/11,1064390
10/6/11,784114
14/6/11,900339
15/6/11,975896
16/6/11,1400911
17/6/11,1273215
20/6/11,888523
21/6/11,883991
22/6/11,1026162
23/6/11,1099166
24/6/11,1070697
27/6/11,818157
28/6/11,957109
29/6/11,847366
30/6/11,990313
1/7/11,856339
4/7/11,760085
5/7/11,666450
6/7/11,785873
7/7/11,682443
8/7/11,874122
11/7/11,779619
12/7/11,967392
13/7/11,849047
14/7/11,860061
15/7/11,849810
18/7/11,846573
19/7/11,872050
20/7/11,988817
21/7/11,899864
22/7/11,989292
25/7/11,997350
26/7/11,912646
27/7/11,978605
28/7/11,1030048
29/7/11,1055885
1/8/11,662825
2/8/11,794619
3/8/11,1097105
4/8/11,1189405
5/8/11,1812912
8/8/11,1496863
9/8/11,2004980
10/8/11,1503189
11/8/11,1308707
12/8/11,1223810
15/8/11,967203
16/8/11,1071488
17/8/11,1009022
18/8/11,991464
19/8/11,1128174
22/8/11,1223096
23/8/11,407709
24/8/11,301434
25/8/11,1068757
26/8/11,1059552
29/8/11,879007
30/8/11,1007477
31/8/11,818168
1/9/11,1168924
2/9/11,809703
5/9/11,826547
6/9/11,1010400
7/9/11,944840
8/9/11,1025917
9/9/11,729154
12/9/11,865328
13/9/11,1066325
14/9/11,1097433
15/9/11,1253275
16/9/11,1094604
19/9/11,655382
20/9/11,733426
21/9/11,971353
22/9/11,1322849
23/9/11,1437371
26/9/11,1146287
27/9/11,1385524
28/9/11,1393970
29/9/11,1072092
30/9/11,1424212
3/10/11,588437
4/10/11,1267201
5/10/11,1316177
6/10/11,1146122
7/10/11,1305307
10/10/11,833022
11/10/11,864570
12/10/11,856383
13/10/11,979624
14/10/11,610246
17/10/11,614109
18/10/11,714427
19/10/11,823916
20/10/11,775138
21/10/11,693345
24/10/11,648692
25/10/11,787250
26/10/11,784727
27/10/11,676860
28/10/11,1104586
31/10/11,789767
1/11/11,577010
2/11/11,849175
3/11/11,788715
4/11/11,756305
7/11/11,507284
8/11/11,584888
9/11/11,738508
10/11/11,1178529
11/11/11,716494
14/11/11,604554
15/11/11,692799
16/11/11,641276
17/11/11,685154
18/11/11,667647
21/11/11,1286735
22/11/11,896014
23/11/11,809428
24/11/11,1138326
25/11/11,857651
28/11/11,793568
29/11/11,843864
30/11/11,1222415
1/12/11,1042945
2/12/11,994040
5/12/11,890434
6/12/11,1222415
7/12/11,676360
8/12/11,809927
9/12/11,747964
12/12/11,661115
13/12/11,742751
14/12/11,741628
15/12/11,1108446
16/12/11,953254
19/12/11,836959
20/12/11,687406
21/12/11,686905
22/12/11,613630
23/12/11,443474
28/12/11,345430
29/12/11,403832
30/12/11,269014
3/1/12,314603
4/1/12,665549
5/1/12,541262
6/1/12,538085
9/1/12,536219
10/1/12,632276
11/1/12,657250
12/1/12,612774
13/1/12,614878
16/1/12,531269
17/1/12,728575
18/1/12,795308
19/1/12,819176
20/1/12,823815
23/1/12,508653
24/1/12,567130
25/1/12,786306
27/1/12,708851
30/1/12,605736
31/1/12,752898
1/2/12,947067
2/2/12,839251
3/2/12,736602
6/2/12,713005
7/2/12,796912
8/2/12,843916
9/2/12,821593
10/2/12,810694
13/2/12,673498
14/2/12,789287
15/2/12,869559
16/2/12,1031269
17/2/12,789908
20/2/12,853034
21/2/12,878493
22/2/12,947700
23/2/12,944020
24/2/12,957076
27/2/12,859128
28/2/12,888273
29/2/12,1243590
1/3/12,815686
2/3/12,657042
5/3/12,589861
6/3/12,901953
7/3/12,946636
8/3/12,993654
9/3/12,970103
12/3/12,655601
13/3/12,861115
14/3/12,928277
15/3/12,1122839
16/3/12,1374894
19/3/12,823953
20/3/12,843242
21/3/12,745833
22/3/12,760108
23/3/12,801015
26/3/12,634664
27/3/12,856499
28/3/12,867769
29/3/12,882360
30/3/12,1108101
2/4/12,854656
3/4/12,834072
4/4/12,768048
5/4/12,722685
10/4/12,611447
11/4/12,682297
12/4/12,642787
13/4/12,806865
16/4/12,518563
17/4/12,629572
18/4/12,680900
19/4/12,927786
20/4/12,670910
23/4/12,457428
24/4/12,792338
26/4/12,776681
27/4/12,831117
30/4/12,647089
1/5/12,918366
2/5/12,799155
3/5/12,815743
4/5/12,764746
7/5/12,851883
8/5/12,791510
9/5/12,971838
10/5/12,1073285
11/5/12,765116
14/5/12,673979
15/5/12,999459
16/5/12,1073178
17/5/12,1008051
18/5/12,1070416
21/5/12,786417
22/5/12,870344
23/5/12,789284
24/5/12,828589
25/5/12,750576
28/5/12,638885
29/5/12,787754
30/5/12,679850
31/5/12,1215846
1/6/12,709123
4/6/12,850045
5/6/12,877834
6/6/12,765648
7/6/12,886792
8/6/12,1043931
12/6/12,912942
13/6/12,722454
14/6/12,671867
15/6/12,1055419
18/6/12,890293
19/6/12,580828
20/6/12,965447
21/6/12,1200032
22/6/12,795313
25/6/12,709398
26/6/12,806276
27/6/12,741000
28/6/12,695523
29/6/12,1137454
2/7/12,770191
3/7/12,578908
4/7/12,613897
5/7/12,597687
6/7/12,526372
9/7/12,492705
10/7/12,675820
11/7/12,667458
12/7/12,639089
13/7/12,644590
16/7/12,545541
17/7/12,630801
18/7/12,590125
19/7/12,900215
20/7/12,728729
23/7/12,638334
24/7/12,645883
25/7/12,668762
26/7/12,656051
27/7/12,733689
30/7/12,609214
31/7/12,793131
1/8/12,677906
2/8/12,779318
3/8/12,670823
6/8/12,461874
7/8/12,578719
8/8/12,872693
9/8/12,779799
10/8/12,797087
13/8/12,810839
14/8/12,774656
15/8/12,828248
16/8/12,825670
17/8/12,789781
20/8/12,954128
21/8/12,804155
22/8/12,703924
23/8/12,849892
24/8/12,767199
27/8/12,647287
28/8/12,709830
29/8/12,777983
30/8/12,1019440
31/8/12,967300
3/9/12,643502
4/9/12,790017
5/9/12,925993
6/9/12,1215281
7/9/12,963574
10/9/12,784056
11/9/12,668992
12/9/12,722065
13/9/12,620509
14/9/12,852688
17/9/12,686113
18/9/12,795979
19/9/12,1126175
20/9/12,1181398
21/9/12,1056733
24/9/12,603265
25/9/12,608508
26/9/12,684107
27/9/12,694807
28/9/12,894194
1/10/12,370193
2/10/12,675293
3/10/12,619939
4/10/12,670630
5/10/12,612783
8/10/12,648462
9/10/12,548908
10/10/12,655888
11/10/12,601089
12/10/12,560465
15/10/12,542666
16/10/12,608556
17/10/12,810043
18/10/12,834989
19/10/12,854247
22/10/12,786032
23/10/12,638670
24/10/12,686019
25/10/12,688060
26/10/12,856320
29/10/12,471057
30/10/12,645105
31/10/12,864334
1/11/12,927956
2/11/12,765857
5/11/12,618064
6/11/12,453848
7/11/12,657576
8/11/12,729619
9/11/12,741389
12/11/12,628711
13/11/12,814239
14/11/12,621341
15/11/12,871317
16/11/12,724347
19/11/12,698312
20/11/12,648720
21/11/12,620890
22/11/12,712164
23/11/12,477064
26/11/12,534950
27/11/12,768291
28/11/12,627808
29/11/12,745640
30/11/12,1621156
3/12/12,649835
4/12/12,595642
5/12/12,713920
6/12/12,664573
7/12/12,660651
10/12/12,681678
11/12/12,615497
12/12/12,896932
13/12/12,822992
14/12/12,708541
17/12/12,658292
18/12/12,743473
19/12/12,829620
20/12/12,1105803
21/12/12,1328492
24/12/12,173051
27/12/12,225349
28/12/12,264639
31/12/12,229186
2/1/13,432026
3/1/13,543853
4/1/13,458208
7/1/13,547797
8/1/13,623625
9/1/13,579401
10/1/13,583132
11/1/13,512533
14/1/13,479448
15/1/13,643924
16/1/13,639482
17/1/13,784303
18/1/13,627193
21/1/13,524706
22/1/13,583671
23/1/13,648364
24/1/13,660756
25/1/13,801396
29/1/13,825446
30/1/13,649199
31/1/13,763440
1/2/13,626355
4/2/13,537322
5/2/13,697092
6/2/13,753963
7/2/13,706678
8/2/13,683912
11/2/13,531377
12/2/13,568824
13/2/13,723269
14/2/13,893500
15/2/13,710462
18/2/13,1096993
19/2/13,773632
20/2/13,904985
21/2/13,932016
22/2/13,921641
25/2/13,742799
26/2/13,698389
27/2/13,668519
28/2/13,1193705
1/3/13,970845
4/3/13,713516
5/3/13,763521
6/3/13,826991
7/3/13,732012
8/3/13,754739
11/3/13,593804
12/3/13,688182
13/3/13,739580
14/3/13,867037
15/3/13,1267019
18/3/13,830298
19/3/13,765359
20/3/13,730912
21/3/13,1012779
22/3/13,540669
25/3/13,515960
26/3/13,630539
27/3/13,558163
28/3/13,843573
2/4/13,610483
3/4/13,802182
4/4/13,684949
5/4/13,722456
8/4/13,595040
9/4/13,1015846
10/4/13,822124
11/4/13,770690
12/4/13,733827
15/4/13,656204
16/4/13,795326
17/4/13,744695
18/4/13,1051938
19/4/13,756115
22/4/13,489831
23/4/13,701553
24/4/13,933991
26/4/13,616682
29/4/13,411430
30/4/13,692997
1/5/13,451237
2/5/13,608984
3/5/13,551340
6/5/13,553348
7/5/13,666873
8/5/13,805662
9/5/13,791742
10/5/13,606515
13/5/13,609523
14/5/13,647856
15/5/13,715031
16/5/13,800305
17/5/13,731525
20/5/13,620211
21/5/13,764061
22/5/13,988400
23/5/13,1232120
24/5/13,1000217
27/5/13,706367
28/5/13,673950
29/5/13,763737
30/5/13,778276
31/5/13,1200074
3/6/13,639881
4/6/13,725737
5/6/13,798584
6/6/13,752094
7/6/13,716243
11/6/13,692339
12/6/13,771453
13/6/13,836803
14/6/13,680660
17/6/13,715983
18/6/13,764865
19/6/13,718243
20/6/13,982255
21/6/13,1261390
24/6/13,732581
25/6/13,953249
26/6/13,759287
27/6/13,788847
28/6/13,888777
1/7/13,570903
2/7/13,731259
3/7/13,683498
4/7/13,492131
5/7/13,565162
8/7/13,519015
9/7/13,593809
10/7/13,682090
11/7/13,657856
12/7/13,667020
15/7/13,511970
16/7/13,544350
17/7/13,688069
18/7/13,624124
19/7/13,670184
22/7/13,514943
23/7/13,594827
24/7/13,672001
25/7/13,762540
26/7/13,862531
29/7/13,448450
30/7/13,669678
31/7/13,633570
1/8/13,680926
2/8/13,630460
5/8/13,410574
6/8/13,585822
7/8/13,713689
8/8/13,735951
9/8/13,574784
12/8/13,601229
13/8/13,689836
14/8/13,638611
15/8/13,772737
16/8/13,700461
19/8/13,657631
20/8/13,647530
21/8/13,624545
22/8/13,845797
23/8/13,869179
26/8/13,621884
27/8/13,578745
28/8/13,737058
29/8/13,784600
30/8/13,875991
2/9/13,638621
3/9/13,727603
4/9/13,704494
5/9/13,652905
6/9/13,630167
9/9/13,544543
10/9/13,548956
11/9/13,693552
12/9/13,746206
13/9/13,656581
16/9/13,499871
17/9/13,585679
18/9/13,656684
19/9/13,1121205
20/9/13,1203914
23/9/13,486043
24/9/13,475085
25/9/13,550997
26/9/13,471810
27/9/13,567656
30/9/13,562052
1/10/13,505125
2/10/13,511635
3/10/13,454517
4/10/13,413261
7/10/13,317238
8/10/13,588375
9/10/13,480515
10/10/13,530096
11/10/13,572581
14/10/13,399626
15/10/13,570204
16/10/13,567503
17/10/13,710710
18/10/13,630285
21/10/13,536823
22/10/13,675951
23/10/13,683625
24/10/13,525665
25/10/13,709835
28/10/13,841111
29/10/13,588743
30/10/13,591270
31/10/13,679453
1/11/13,462322
4/11/13,481064
5/11/13,410532
6/11/13,597671
7/11/13,653459
8/11/13,600763
11/11/13,620347
12/11/13,594264
13/11/13,713104
14/11/13,605304
15/11/13,567961
18/11/13,453946
19/11/13,579299
20/11/13,571636
21/11/13,726065
22/11/13,549984
25/11/13,581890
26/11/13,951309
27/11/13,500604
28/11/13,629635
29/11/13,627365
2/12/13,580064
3/12/13,692977
4/12/13,693493
5/12/13,896619
6/12/13,533434
9/12/13,604429
10/12/13,752963
11/12/13,612540
12/12/13,921259
13/12/13,656357
16/12/13,500007
17/12/13,628375
18/12/13,658440
19/12/13,825694
20/12/13,1355753
23/12/13,480138
24/12/13,247126
27/12/13,229035
30/12/13,311776
31/12/13,266159
2/1/14,279787
3/1/14,315449
6/1/14,346245
7/1/14,500197
8/1/14,502615
9/1/14,459533
10/1/14,480200
13/1/14,399398
14/1/14,607003
15/1/14,537694
16/1/14,615802
17/1/14,549832
20/1/14,503369
21/1/14,452146
22/1/14,498271
23/1/14,606017
24/1/14,616266
28/1/14,716607
29/1/14,608909
30/1/14,655685
31/1/14,606306
3/2/14,440457
4/2/14,797144
5/2/14,674026
6/2/14,564616
7/2/14,665802
10/2/14,524591
11/2/14,497973
12/2/14,724489
13/2/14,632559
14/2/14,600308
17/2/14,573704
18/2/14,605815
19/2/14,808884
20/2/14,977156
21/2/14,757715
24/2/14,746969
25/2/14,669748
26/2/14,720024
27/2/14,722068
28/2/14,990435
3/3/14,665658
4/3/14,675861
5/3/14,823995
6/3/14,654211
7/3/14,594732
10/3/14,607792
11/3/14,802874
12/3/14,703839
13/3/14,654202
14/3/14,601839
17/3/14,581358
18/3/14,630091
19/3/14,887601
20/3/14,1043877
21/3/14,1210417
24/3/14,551555
25/3/14,659685
26/3/14,691820
27/3/14,631070
28/3/14,696465
31/3/14,560511
1/4/14,625912
2/4/14,618625
3/4/14,567311
4/4/14,486078
7/4/14,410825
8/4/14,482677
9/4/14,701771
10/4/14,657180
11/4/14,566745
14/4/14,531676
15/4/14,513474
16/4/14,504323
17/4/14,534395
22/4/14,416001
23/4/14,489357
24/4/14,612615
28/4/14,546649
29/4/14,679259
30/4/14,636719
1/5/14,551275
2/5/14,534948
5/5/14,437354
6/5/14,420032
7/5/14,579307
8/5/14,554023
9/5/14,517660
12/5/14,435911
13/5/14,736341
14/5/14,524812
15/5/14,591983
16/5/14,532812
19/5/14,646986
20/5/14,553054
21/5/14,645417
22/5/14,611640
23/5/14,588718
26/5/14,438202
27/5/14,467058
28/5/14,524558
29/5/14,446584
30/5/14,1073757
2/6/14,553867
3/6/14,671106
4/6/14,554039
5/6/14,584448
6/6/14,541258
10/6/14,478455
11/6/14,497588
12/6/14,536416
13/6/14,688434
16/6/14,597330
17/6/14,602413
18/6/14,663548
19/6/14,887950
20/6/14,897934
23/6/14,563152
24/6/14,568480
25/6/14,650024
26/6/14,597195
27/6/14,767777
30/6/14,539335
1/7/14,622124
2/7/14,593897
3/7/14,575933
4/7/14,501494
7/7/14,406007
8/7/14,493153
9/7/14,511862
10/7/14,495229
11/7/14,492180
14/7/14,415828
15/7/14,492409
16/7/14,520496
17/7/14,671483
18/7/14,562805
21/7/14,426641
22/7/14,507649
23/7/14,574070
24/7/14,550079
25/7/14,568160
28/7/14,473710
29/7/14,489821
30/7/14,569599
31/7/14,568394
1/8/14,631864
4/8/14,363730
5/8/14,547260
6/8/14,529046
7/8/14,628885
8/8/14,692038
11/8/14,436788
12/8/14,558427
13/8/14,528878
14/8/14,660966
15/8/14,490884
18/8/14,404321
19/8/14,652239
20/8/14,602767
21/8/14,760761
22/8/14,569739
25/8/14,540204
26/8/14,625885
27/8/14,670869
28/8/14,873943
29/8/14,891610
1/9/14,462054
2/9/14,495377
3/9/14,611130
4/9/14,517135
5/9/14,488425
8/9/14,412129
9/9/14,492494
10/9/14,563747
11/9/14,543466
12/9/14,546057
15/9/14,598060
16/9/14,650850
17/9/14,707798
18/9/14,833061
19/9/14,979624
22/9/14,631615
23/9/14,636513
24/9/14,578738
25/9/14,541148
26/9/14,631952
29/9/14,551179
30/9/14,656332
1/10/14,611471
2/10/14,555393
3/10/14,497284
6/10/14,338559
7/10/14,684940
8/10/14,536497
9/10/14,638805
10/10/14,734291
13/10/14,646641
14/10/14,827819
15/10/14,655015
16/10/14,841956
17/10/14,744462
20/10/14,468262
21/10/14,750845
22/10/14,580495
23/10/14,599414
24/10/14,604419
27/10/14,569047
28/10/14,612700
29/10/14,694237
30/10/14,666817
31/10/14,736746
3/11/14,521668
4/11/14,451019
5/11/14,584458
6/11/14,614755
7/11/14,735597
10/11/14,587325
11/11/14,617116
12/11/14,566406
13/11/14,558155
14/11/14,450275
17/11/14,475986
18/11/14,473294
19/11/14,569379
20/11/14,636836
21/11/14,573414
24/11/14,504347
25/11/14,900576
26/11/14,538169
27/11/14,519226
28/11/14,669431
1/12/14,707703
2/12/14,734195
3/12/14,647956
4/12/14,632947
5/12/14,640560
8/12/14,604166
9/12/14,780212
10/12/14,663266
11/12/14,738904
12/12/14,642557
15/12/14,556619
16/12/14,619523
17/12/14,607594
18/12/14,865750
19/12/14,1441674
22/12/14,697848
23/12/14,445994
24/12/14,232796
29/12/14,349245
30/12/14,365729
31/12/14,237896
2/1/15,275880
5/1/15,427523
6/1/15,567616
7/1/15,565044
8/1/15,614573
9/1/15,551164
12/1/15,419887
13/1/15,515820
14/1/15,619997
15/1/15,680612
16/1/15,583141
19/1/15,545024
20/1/15,559220
21/1/15,600381
22/1/15,685194
23/1/15,592435
27/1/15,686986
28/1/15,610721
29/1/15,704028
30/1/15,890353
2/2/15,565123
3/2/15,762387
4/2/15,952571
5/2/15,695724
6/2/15,572746
9/2/15,892741
10/2/15,556497
11/2/15,605061
12/2/15,822197
13/2/15,755614
16/2/15,630818
17/2/15,587302
18/2/15,803362
19/2/15,683410
20/2/15,593403
23/2/15,640728
24/2/15,739151
25/2/15,790826
26/2/15,780040
27/2/15,1105603
2/3/15,638605
3/3/15,715658
4/3/15,625638
5/3/15,683357
6/3/15,599772
9/3/15,637508
10/3/15,658625
11/3/15,697103
12/3/15,642520
13/3/15,586560
16/3/15,503103
17/3/15,616199
18/3/15,734646
19/3/15,1129570
20/3/15,1295004
23/3/15,459396
24/3/15,547692
25/3/15,585086
26/3/15,624243
27/3/15,636862
30/3/15,741642
31/3/15,697981
1/4/15,668910
2/4/15,547559
7/4/15,532402
8/4/15,524648
9/4/15,485425
10/4/15,399985
13/4/15,428027
14/4/15,475869
15/4/15,594854
16/4/15,617181
17/4/15,568312
20/4/15,490815
21/4/15,529288
22/4/15,577831
23/4/15,582200
24/4/15,664402
27/4/15,550795
28/4/15,563071
29/4/15,628165
30/4/15,717148
4/5/15,519427
5/5/15,691825
6/5/15,695045
7/5/15,694913
8/5/15,525121
11/5/15,574195
12/5/15,801083
13/5/15,649893
14/5/15,654314
15/5/15,572010
18/5/15,629668
19/5/15,800079
20/5/15,678249
21/5/15,798986
22/5/15,469396
25/5/15,453693
26/5/15,497585
27/5/15,635913
28/5/15,536364
29/5/15,1186503
1/6/15,492977
2/6/15,584475
3/6/15,672760
4/6/15,677905
5/6/15,556382
9/6/15,610164
10/6/15,566862
11/6/15,565805
12/6/15,517611
15/6/15,550674
16/6/15,641329
17/6/15,687885
18/6/15,994049
19/6/15,1128099
22/6/15,585055
23/6/15,661325
24/6/15,603170
25/6/15,612384
26/6/15,826594
29/6/15,697050
30/6/15,829784
1/7/15,632273
2/7/15,651230
3/7/15,589603
6/7/15,452115
7/7/15,643371
8/7/15,663022
9/7/15,643585
10/7/15,512955
13/7/15,446055
14/7/15,533710
15/7/15,579491
16/7/15,578068
17/7/15,479626
20/7/15,413500
21/7/15,496423
22/7/15,634327
23/7/15,547559
24/7/15,501594
27/7/15,427258
28/7/15,649540
29/7/15,592373
30/7/15,508686
31/7/15,706620
3/8/15,395781
4/8/15,683950
5/8/15,637131
6/8/15,517659
7/8/15,565037
10/8/15,467870
11/8/15,591713
12/8/15,747161
13/8/15,656208
14/8/15,611221
17/8/15,445920
18/8/15,716905
19/8/15,658959
20/8/15,715904
21/8/15,992810
24/8/15,1069117
25/8/15,1242444
26/8/15,1169554
27/8/15,776217
28/8/15,895688
31/8/15,931277
1/9/15,793453
2/9/15,882544
3/9/15,741904
4/9/15,785395
7/9/15,554375
8/9/15,597050
9/9/15,827869
10/9/15,1056858
11/9/15,583430
14/9/15,640243
15/9/15,704760
16/9/15,797252
17/9/15,818611
18/9/15,1033117
21/9/15,549304
22/9/15,540924
23/9/15,679473
24/9/15,654576
25/9/15,686576
28/9/15,518410
29/9/15,785462
30/9/15,843559
1/10/15,615381
2/10/15,483004
5/10/15,316581
6/10/15,576127
7/10/15,636720
8/10/15,662534
9/10/15,654214
12/10/15,591508
13/10/15,632584
14/10/15,618515
15/10/15,619914
16/10/15,609727
19/10/15,537460
20/10/15,534946
21/10/15,549836
22/10/15,556025
23/10/15,701013
26/10/15,492117
27/10/15,565474
28/10/15,554236
29/10/15,654550
30/10/15,778225
2/11/15,499391
3/11/15,453294
4/11/15,626999
5/11/15,592957
6/11/15,585565
9/11/15,579451
10/11/15,753205
11/11/15,563364
12/11/15,602502
13/11/15,665743
16/11/15,546024
17/11/15,653280
18/11/15,591429
19/11/15,670709
20/11/15,600438
23/11/15,582447
24/11/15,998656
25/11/15,591710
26/11/15,608424
27/11/15,654888
30/11/15,1410755
1/12/15,871261
2/12/15,691697
3/12/15,691934
4/12/15,681942
7/12/15,718216
8/12/15,824311
9/12/15,723946
10/12/15,740685
11/12/15,629588
14/12/15,692905
15/12/15,674521
16/12/15,855711
17/12/15,1000726
18/12/15,1118314
21/12/15,463665
22/12/15,486324
23/12/15,387327
24/12/15,229213
29/12/15,361138
30/12/15,340337
31/12/15,259982
4/1/16,366632
5/1/16,446530
6/1/16,519038
7/1/16,648320
8/1/16,642308
11/1/16,599899
12/1/16,629065
13/1/16,584763
14/1/16,597893
15/1/16,563349
18/1/16,529160
19/1/16,539065
20/1/16,670629
21/1/16,730819
22/1/16,648059
25/1/16,537091
27/1/16,672256
28/1/16,650358
29/1/16,813063
1/2/16,647998
2/2/16,608404
3/2/16,638589
4/2/16,758321
5/2/16,709274
8/2/16,588544
9/2/16,793921
10/2/16,810594
11/2/16,604281
12/2/16,694397
15/2/16,633818
16/2/16,808008
17/2/16,726883
18/2/16,880469
19/2/16,678871
22/2/16,660013
23/2/16,760555
24/2/16,733451
25/2/16,768537
26/2/16,692489
29/2/16,789417
1/3/16,803683
2/3/16,830169
3/3/16,882058
4/3/16,770822
7/3/16,790050
8/3/16,973102
9/3/16,758420
10/3/16,564565
11/3/16,548425
14/3/16,560927
15/3/16,605076
16/3/16,604720
17/3/16,844971
18/3/16,1295604
21/3/16,455816
22/3/16,517318
23/3/16,545542
24/3/16,699110
29/3/16,514370
30/3/16,546526
31/3/16,569108
1/4/16,579474
4/4/16,389509
5/4/16,587827
6/4/16,569340
7/4/16,491091
8/4/16,458797
11/4/16,461540
12/4/16,462263
13/4/16,606619
14/4/16,642612
15/4/16,533287
18/4/16,587614
19/4/16,656948
20/4/16,663177
21/4/16,728455
22/4/16,572807
26/4/16,642413
27/4/16,654629
28/4/16,668373
29/4/16,665136
2/5/16,533318
3/5/16,704716
4/5/16,711326
5/5/16,641912
6/5/16,708673
9/5/16,528945
10/5/16,726902
11/5/16,693659
12/5/16,642244
13/5/16,610085
16/5/16,490328
17/5/16,631741
18/5/16,668854
19/5/16,673033
20/5/16,525238
23/5/16,522852
24/5/16,534366
25/5/16,639855
26/5/16,584351
27/5/16,616441
30/5/16,434849
31/5/16,949513
1/6/16,589007
2/6/16,565944
3/6/16,511279
6/6/16,529040
7/6/16,680275
8/6/16,562723
9/6/16,543190
10/6/16,468362
14/6/16,691478
15/6/16,664276
16/6/16,848116
17/6/16,1015415
20/6/16,543837
21/6/16,604341
22/6/16,517961
23/6/16,507862
24/6/16,1050902
27/6/16,676288
28/6/16,814404
29/6/16,678969
30/6/16,747248
1/7/16,636761
4/7/16,513024
5/7/16,519432
6/7/16,629787
7/7/16,536802
8/7/16,447484
11/7/16,513456
12/7/16,575938
13/7/16,580176
14/7/16,489133
15/7/16,492909
18/7/16,402765
19/7/16,505054
20/7/16,581399
21/7/16,709477
22/7/16,524415
25/7/16,473043
26/7/16,545329
27/7/16,524079
28/7/16,538572
29/7/16,778527
1/8/16,420491
2/8/16,644783
3/8/16,659025